text,emotion
finally completed my 4 hours of coding study and hit all my daily targets today,accomplishment
i woke up early worked out and felt completely in control of my morning routine,accomplishment
achieved my goal of writing 1000 words for the project report feeling proud,accomplishment
crushed all my habits today and maintained my 7 day consistency streak,accomplishment
hit a personal milestone in my workout after weeks of effort,accomplishment
submitted my assignment ahead of deadline and feeling so accomplished,accomplishment
finished building the authentication module without any bugs amazing feeling,accomplishment
hit my 30 day reading streak today feels great to build consistency,accomplishment
my productivity score jumped to 92 today very proud of my focus,accomplishment
crossed off every single item on my daily task planner feeling victorious,accomplishment
finally solved the algorithm problem that has been bothering me all week,accomplishment
stayed completely focused for two 90 minute pomodoro sessions without looking at my phone,accomplishment
reached my monthly savings target early this month feeling secure and happy,accomplishment
shipped the new feature to staging ahead of schedule huge milestone for our project,accomplishment
closed all my open pull requests and completed the sprint deliverables,accomplishment
passed my technical interview with flying colors all the practice paid off,accomplishment
woke up feeling determined and ready to crush my study goals today,motivation
eager to dive into this new machine learning module and build something cool,motivation
feeling high energy and inspired to make real progress on my thesis,motivation
ready to attack this week's priorities with complete discipline and momentum,motivation
excited to start my new morning routine and level up my fitness habits,motivation
hyped to begin working on the new website redesign today,motivation
feeling motivated to write clean code and build a strong portfolio,motivation
ready to push through any obstacles and get this project finished,motivation
full of drive today nothing is going to distract me from my goals,motivation
excited for this upcoming hackathon and confident in what our team can build,motivation
looking forward to my study session tonight ready to master this concept,motivation
feeling a surge of energy to organize my workflow and optimize my day,motivation
determined to hit a 100 percent habit completion rate this entire week,motivation
inspired by my mentor's advice and eager to apply it to my daily tasks,motivation
ready to wake up at 6 am tomorrow and establish my morning routine,motivation
motivated to cut down social media usage and dedicate all my free time to learning,motivation
pumped to start my new strength training program at the gym this evening,motivation
feeling eager to tackle the hardest task on my list first thing in the morning,motivation
ready to break through my limits and finish this certification this month,motivation
locked in for two straight hours of deep work with zero phone distractions,focus
entered a complete flow state while writing the backend API logic,focus
tunnel vision on finishing this algorithm problem completely lost track of time,focus
two uninterrupted pomodoro blocks without looking at social media or tabs,focus
pure concentration this morning knocked out three complex tasks back to back,focus
in the zone while designing the UI layout time just flew by,focus
stayed completely disciplined and immersed in my textbook reading for 90 minutes,focus
turned off all notifications and had the most focused coding session of the week,focus
deeply engrossed in debugging and solved the issue through intense concentration,focus
laser focused on my writing produced four polished pages without pausing,focus
achieved deep work flow for three hours uninterrupted by any noise or messages,focus
head down studying in the quiet library completely focused on the material,focus
flow state reached while drafting the research paper arguments,focus
completely absorbed in my work feeling that rare effortless productivity flow,focus
maintained sharp mental clarity and steady focus throughout the entire study block,focus
blocked out all distractions and made immense progress during this three hour block,focus
deeply grateful for my study partner who kept me accountable all week,gratitude
cherishing the quiet evening spent journaling and reflecting on my growth,gratitude
feeling inspired and supported by my mentor after our progress review session,gratitude
grateful for how much my focus and mental clarity have improved this month,gratitude
appreciating my family for supporting my study schedule and goals,gratitude
taking a moment to appreciate how much progress i have made since january,gratitude
feeling deep contentment with where my daily habits are taking me,gratitude
loved collaborating with my friend on this side project today,gratitude
grateful for the peace of mind that comes with regular meditation and journaling,gratitude
thankful for having good health and the opportunity to pursue my career dreams,gratitude
appreciating the small daily wins that are steadily compounding over time,gratitude
grateful to my teammates for helping me debug that tricky edge case,gratitude
thankful for this peaceful morning walk that cleared my head before work,gratitude
appreciating my past self for putting in the work that made today easier,gratitude
did not expect to finish that complex algorithm in just one hour amazing breakthrough,breakthrough
stunned by how quickly 30 days of consistent habit tracking paid off,breakthrough
shockingly i received positive feedback from my manager on my draft proposal,breakthrough
did not think i could wake up at 5 am but i actually did it effortlessly,breakthrough
unexpectedly cleared the first round interview for my dream company,breakthrough
surprised by how much energy i had during my morning run today,breakthrough
wow i managed to complete a full week of workouts without skipping once,breakthrough
shocked that my productivity score reached 95 after such a busy week,breakthrough
unexpected breakthrough on the database design after struggling for three days,breakthrough
suddenly everything clicked while reviewing calculus concepts astonishing feeling,breakthrough
ran my first 5k without stopping way ahead of my target timeline,breakthrough
the test cases passed on the first run after a major refactor completely amazed,breakthrough
staring blankly at my laptop screen unable to write a single sentence,burnout
feeling burned out and mentally exhausted from working 12 hour days,burnout
completely drained no energy left to focus on my habits or goals,burnout
trying so hard to stay motivated but my brain feels entirely fried,burnout
mentally depleted from non-stop deadlines need to take a complete break,burnout
chronic fatigue catching up to me i feel empty and unmotivated,burnout
staring at code and nothing makes sense anymore just totally exhausted,burnout
pushed myself too hard this week and now i have crashed completely,burnout
feeling emotionally and physically exhausted unable to muster any enthusiasm,burnout
my mind is foggy and tired i have zero willpower left for studying,burnout
running on fumes for the past four days need to step away from my laptop,burnout
the upcoming client presentation is terrifying me and i feel underprepared,overwhelmed
anxious about whether i will pass my upcoming certification exam this week,overwhelmed
worried that my savings goal is unrealistic given unexpected monthly expenses,overwhelmed
nervous about taking on this new leadership responsibility at my internship,overwhelmed
overwhelmed by the sheer number of unfinished tasks on my to do list,overwhelmed
terrified that i will not finish my final thesis before the hard deadline,overwhelmed
scared of getting rejected after applying to over twenty jobs this month,overwhelmed
anxious that my coding skills are not good enough for this new role,overwhelmed
feeling nervous about speaking in tomorrow morning sprint standup meeting,overwhelmed
afraid that i am falling behind everyone else in my cohort,overwhelmed
drowning in deadlines and responsibilities don't know where to start,overwhelmed
panicking about the amount of material i still need to cover before finals,overwhelmed
too many competing priorities pulling me in different directions,overwhelmed
another interruption at work ruined my deep work focus session,frustration
my team member did not deliver their part and delayed our whole project deadline,frustration
furious with myself for breaking my focus and getting distracted so easily,frustration
hate how difficult it is to juggle both work responsibilities and my personal goals,frustration
so annoyed that my code crashed right before the final presentation,frustration
wasted two hours dealing with software installation errors completely frustrated,frustration
loud noise from neighbors kept breaking my concentration during study time,frustration
irritated that my manager assigned extra work right before my study block,frustration
stupid merge conflicts ruined my entire evening of productive coding,frustration
so sick of getting interrupted every time i sit down to do deep work,frustration
furious that the local dev server keeps throwing cryptic errors,frustration
annoyed that the internet cut out right in the middle of an important lecture,frustration
wasted the entire afternoon scrolling on social media and feel so guilty,guilt
procrastinated on my assignment all day and now i feel terrible about myself,guilt
i broke my 14 day habit streak and feel so much remorse and regret,guilt
spent three hours watching random videos instead of working on my goal,guilt
feeling guilty that i promised myself i would study but ended up napping,guilt
disappointed in myself for giving in to distractions and making zero progress,guilt
skipped my morning workout again and feeling deeply remorseful,guilt
i keep sabotaging my own goals through senseless procrastination,guilt
wasted my entire weekend when i was supposed to finish this project,guilt
feeling ashamed that i spent money on things i did not need instead of saving,guilt
let myself down today by not following through on my commitments,guilt
ate unhealthy junk food and skipped my evening routine feeling so guilty,guilt
lost another day to mindless scrolling why can i not just stay disciplined,guilt
guilty that i am falling behind while everyone else is working hard,guilt
completed my standard daily reading and responded to routine project emails,neutral
just tracked my habits for today nothing special to note,neutral
worked for six hours on regular tasks and had an average productivity day,neutral
organized my desk and planned the task list for tomorrow morning,neutral
reviewed my weekly milestones and updated my progress percentage,neutral
woke up at normal time drank coffee and started work,neutral
logged my food intake and completed the daily step goal,neutral
attended the scheduled team meetings and answered client emails,neutral
spent an hour reviewing documentation for the upcoming sprint,neutral
read through thirty pages of my textbook as planned,neutral
logged four hours of work on the spreadsheet and saved the progress,neutral
checked off three out of five tasks on my planner,neutral
followed my usual morning checklist without any issues,neutral
updated my habit tracker spreadsheet and went to sleep,neutral
standard study session covered two chapters of physics today,neutral
completed the routine data backup and closed my workstation,neutral
clocked in on time and attended the daily standup meeting,neutral
cleaned my room and reviewed my goals for the upcoming week,neutral
nothing unusual happened today just followed the standard schedule,neutral
tracked my daily expenses in the budget app and updated my balance,neutral
finished reading the research article and highlighted key points,neutral
followed my daily habit routine and completed two study blocks,neutral
reviewed my weekly productivity stats and prepared tomorrow task list,neutral
finished the standard weekly progress log and closed my journal,neutral
spent thirty minutes planning out milestones for the next quarter,neutral
finished the second draft of my essay and saved the document,neutral
spent the afternoon doing chores and preparing meals for the week,neutral
reviewed the feedback notes and scheduled follow up tasks,neutral
went to bed on time after completing the evening habit checklist,neutral
ran a scheduled database migration script and confirmed the logs,neutral
went through the weekly agenda and prioritized the top three items,neutral
did thirty minutes of light yoga and drank tea before sleeping,neutral
logged my attendance for the online workshop and took notes,neutral
scheduled appointments for next week and cleared my desk,neutral
spent an hour writing test cases for the existing code module,neutral
reviewed my daily calendar events and planned my commute,neutral
finished my standard shift at work and returned home safely,neutral
made a cup of coffee and reviewed the code commit history,neutral
did fifty pushups and logged my water intake for the afternoon,neutral
closed all pending browser tabs and shut down the computer,neutral
updated the task board status from in progress to ready for review,neutral
checked the weather forecast and packed my bag for tomorrow,neutral
walked three kilometers around the neighborhood as part of daily routine,neutral
checked off four routine items from my morning checklist,neutral
reviewed the code pull requests from teammates and left comments,neutral
went through my flashcard deck and marked completed terms,neutral
finished the standard weekly progress log and closed my journal,neutral
read two news articles and logged my evening reflection entry,neutral
did thirty minutes of typing practice and recorded the speed,neutral
cleared my inbox and scheduled meetings for wednesday morning,neutral
